arm,model,layer,source_turn,target_turn,r2
armG,instruct,19,1,1,0.5893531121811355
armG,instruct,19,1,10,-0.049946775234668506
armG,instruct,19,1,11,-0.08405287053504829
armG,instruct,19,1,12,-0.10348350724460076
armG,instruct,19,1,13,-0.1298222912346192
armG,instruct,19,1,14,-0.14946005367635196
armG,instruct,19,1,15,-0.1660691546680806
armG,instruct,19,1,16,-0.17116445519436496
armG,instruct,19,1,2,0.36330007119031227
armG,instruct,19,1,3,0.2795053418527529
armG,instruct,19,1,4,0.21483347758129556
armG,instruct,19,1,5,0.15760877577789556
armG,instruct,19,1,6,0.10842519000496509
armG,instruct,19,1,7,0.05289066070996118
armG,instruct,19,1,8,0.010387689506508369
armG,instruct,19,1,9,-0.027166911331306887
armG,instruct,19,10,1,0.10486462365003102
armG,instruct,19,10,10,0.5670992068731735
armG,instruct,19,10,11,0.565519439034379
armG,instruct,19,10,12,0.5621051926309957
armG,instruct,19,10,13,0.5665083568691832
armG,instruct,19,10,14,0.5595902569312043
armG,instruct,19,10,15,0.5563542795677829
armG,instruct,19,10,16,0.5575101238156674
armG,instruct,19,10,2,0.40207062688684536
armG,instruct,19,10,3,0.4951674104443935
armG,instruct,19,10,4,0.5328769229371301
armG,instruct,19,10,5,0.5493277934681426
armG,instruct,19,10,6,0.5598960567288216
armG,instruct,19,10,7,0.5614627109069286
armG,instruct,19,10,8,0.5650662478660484
armG,instruct,19,10,9,0.5675546025711209
armG,instruct,19,11,1,0.0876772098297468
armG,instruct,19,11,10,0.5664477368520959
armG,instruct,19,11,11,0.5660860605952243
armG,instruct,19,11,12,0.5624972109593009
armG,instruct,19,11,13,0.5682693975001263
armG,instruct,19,11,14,0.5628512934160934
armG,instruct,19,11,15,0.5593576232349078
armG,instruct,19,11,16,0.5609646875661731
armG,instruct,19,11,2,0.38864783355928034
armG,instruct,19,11,3,0.48385461118733575
armG,instruct,19,11,4,0.524140844166244
armG,instruct,19,11,5,0.5437713654716851
armG,instruct,19,11,6,0.5538603374034405
armG,instruct,19,11,7,0.5578377120207569
armG,instruct,19,11,8,0.5630250263229786
armG,instruct,19,11,9,0.5674429515215109
armG,instruct,19,12,1,0.09457008615967821
armG,instruct,19,12,10,0.5642266440032795
armG,instruct,19,12,11,0.5636716488228354
armG,instruct,19,12,12,0.5632106523901919
armG,instruct,19,12,13,0.5698586012090088
armG,instruct,19,12,14,0.5648950566073119
armG,instruct,19,12,15,0.5623283160155315
armG,instruct,19,12,16,0.5645525948209487
armG,instruct,19,12,2,0.38836076294205035
armG,instruct,19,12,3,0.4793310065532218
armG,instruct,19,12,4,0.519125705466937
armG,instruct,19,12,5,0.538281272403684
armG,instruct,19,12,6,0.5503474063380711
armG,instruct,19,12,7,0.5538598589234442
armG,instruct,19,12,8,0.5601305134007056
armG,instruct,19,12,9,0.5634140000052763
armG,instruct,19,13,1,0.04412463477074435
armG,instruct,19,13,10,0.5644269629928127
armG,instruct,19,13,11,0.5652408720417634
armG,instruct,19,13,12,0.5655794201976293
armG,instruct,19,13,13,0.5708616739370684
armG,instruct,19,13,14,0.5675598339859209
armG,instruct,19,13,15,0.5672655327692686
armG,instruct,19,13,16,0.5697538687059749
armG,instruct,19,13,2,0.3468359772169305
armG,instruct,19,13,3,0.46174829359161573
armG,instruct,19,13,4,0.5105125064588667
armG,instruct,19,13,5,0.5330156318360448
armG,instruct,19,13,6,0.546102366682649
armG,instruct,19,13,7,0.5522422748197383
armG,instruct,19,13,8,0.5578933739514742
armG,instruct,19,13,9,0.5631307078226703
armG,instruct,19,14,1,0.08147469604731616
armG,instruct,19,14,10,0.5606785124844534
armG,instruct,19,14,11,0.5626598111991978
armG,instruct,19,14,12,0.5630363733615158
armG,instruct,19,14,13,0.5702887580347946
armG,instruct,19,14,14,0.5669919967378649
armG,instruct,19,14,15,0.5665274073378067
armG,instruct,19,14,16,0.5702626504215798
armG,instruct,19,14,2,0.3708236588188849
armG,instruct,19,14,3,0.4639529554850381
armG,instruct,19,14,4,0.5054462877621272
armG,instruct,19,14,5,0.5271848841833005
armG,instruct,19,14,6,0.5408928861889482
armG,instruct,19,14,7,0.5465121841002354
armG,instruct,19,14,8,0.5534505525034707
armG,instruct,19,14,9,0.5584698304956965
armG,instruct,19,15,1,0.08065592497855578
armG,instruct,19,15,10,0.557728246818368
armG,instruct,19,15,11,0.5596798614013665
armG,instruct,19,15,12,0.5594632663184017
armG,instruct,19,15,13,0.5686270676865264
armG,instruct,19,15,14,0.5648521624125984
armG,instruct,19,15,15,0.5662788791631912
armG,instruct,19,15,16,0.5693492758652076
armG,instruct,19,15,2,0.35904815181243377
armG,instruct,19,15,3,0.45522278606049527
armG,instruct,19,15,4,0.49941571110059924
armG,instruct,19,15,5,0.521162596307736
armG,instruct,19,15,6,0.5359963330916862
armG,instruct,19,15,7,0.5438879025980772
armG,instruct,19,15,8,0.549912049435867
armG,instruct,19,15,9,0.5562209588891402
armG,instruct,19,16,1,0.06589982913667225
armG,instruct,19,16,10,0.5557125227574569
armG,instruct,19,16,11,0.5577015565286347
armG,instruct,19,16,12,0.5587048178119585
armG,instruct,19,16,13,0.5683106426487076
armG,instruct,19,16,14,0.5646519287453287
armG,instruct,19,16,15,0.5663718787537683
armG,instruct,19,16,16,0.5700008166236592
armG,instruct,19,16,2,0.35735480331413394
armG,instruct,19,16,3,0.450713675458458
armG,instruct,19,16,4,0.49403664994531504
armG,instruct,19,16,5,0.5176339225238953
armG,instruct,19,16,6,0.5310685266609467
armG,instruct,19,16,7,0.5371261703698184
armG,instruct,19,16,8,0.546464439176627
armG,instruct,19,16,9,0.5523832234676992
armG,instruct,19,2,1,0.4098894754562252
armG,instruct,19,2,10,0.3637028457395032
armG,instruct,19,2,11,0.3404572553115296
armG,instruct,19,2,12,0.3248351259469723
armG,instruct,19,2,13,0.3060468003004101
armG,instruct,19,2,14,0.2874099604221614
armG,instruct,19,2,15,0.2721684216393433
armG,instruct,19,2,16,0.26443621264365413
armG,instruct,19,2,2,0.5632063231531417
armG,instruct,19,2,3,0.5448863296607187
armG,instruct,19,2,4,0.5198382859503892
armG,instruct,19,2,5,0.48984788933549195
armG,instruct,19,2,6,0.46138818760237843
armG,instruct,19,2,7,0.4304793039331215
armG,instruct,19,2,8,0.4039564731075421
armG,instruct,19,2,9,0.38055427419196064
armG,instruct,19,3,1,0.32596158307239564
armG,instruct,19,3,10,0.47437015618804523
armG,instruct,19,3,11,0.4574614245931551
armG,instruct,19,3,12,0.44297527280366833
armG,instruct,19,3,13,0.43069102290700234
armG,instruct,19,3,14,0.41623165367222736
armG,instruct,19,3,15,0.40327194362662455
armG,instruct,19,3,16,0.3967868412052271
armG,instruct,19,3,2,0.5384061672266459
armG,instruct,19,3,3,0.5722712105586893
armG,instruct,19,3,4,0.5685907847078171
armG,instruct,19,3,5,0.5565242357404793
armG,instruct,19,3,6,0.5389998739889481
armG,instruct,19,3,7,0.5188978779163802
armG,instruct,19,3,8,0.5021290120818963
armG,instruct,19,3,9,0.48672292655760896
armG,instruct,19,4,1,0.2349720271595459
armG,instruct,19,4,10,0.5169530476619697
armG,instruct,19,4,11,0.5058420441073124
armG,instruct,19,4,12,0.49386185933612636
armG,instruct,19,4,13,0.48682065682652986
armG,instruct,19,4,14,0.4714120421428931
armG,instruct,19,4,15,0.46172504659117286
armG,instruct,19,4,16,0.45575997570600846
armG,instruct,19,4,2,0.5099748387965262
armG,instruct,19,4,3,0.5636364958995266
armG,instruct,19,4,4,0.5770640476355591
armG,instruct,19,4,5,0.5723723958123415
armG,instruct,19,4,6,0.5637395534195723
armG,instruct,19,4,7,0.5504289134475957
armG,instruct,19,4,8,0.5396127052203447
armG,instruct,19,4,9,0.5288258067781264
armG,instruct,19,5,1,0.19261199972706666
armG,instruct,19,5,10,0.5399166068464988
armG,instruct,19,5,11,0.5315521443252135
armG,instruct,19,5,12,0.5219573060812523
armG,instruct,19,5,13,0.5176879819926582
armG,instruct,19,5,14,0.5044644631091587
armG,instruct,19,5,15,0.49405397979117893
armG,instruct,19,5,16,0.49148719344297953
armG,instruct,19,5,2,0.48210938635593104
armG,instruct,19,5,3,0.5520212756074474
armG,instruct,19,5,4,0.5722495837050714
armG,instruct,19,5,5,0.5751967910568325
armG,instruct,19,5,6,0.5710775137097732
armG,instruct,19,5,7,0.5629614947384346
armG,instruct,19,5,8,0.5567018020399109
armG,instruct,19,5,9,0.5500354010072472
armG,instruct,19,6,1,0.13903754373745958
armG,instruct,19,6,10,0.5539708978779134
armG,instruct,19,6,11,0.5463318432179446
armG,instruct,19,6,12,0.5391464689290972
armG,instruct,19,6,13,0.5365301135358589
armG,instruct,19,6,14,0.5263888315253277
armG,instruct,19,6,15,0.5186203977266857
armG,instruct,19,6,16,0.5144465712885546
armG,instruct,19,6,2,0.45540595948830476
armG,instruct,19,6,3,0.5381680358957768
armG,instruct,19,6,4,0.5647962584809972
armG,instruct,19,6,5,0.5715222871699444
armG,instruct,19,6,6,0.5740452762784207
armG,instruct,19,6,7,0.5676248736851415
armG,instruct,19,6,8,0.5647211653023554
armG,instruct,19,6,9,0.5601146305644962
armG,instruct,19,7,1,0.14858833427893325
armG,instruct,19,7,10,0.5601144809894243
armG,instruct,19,7,11,0.5550708656964755
armG,instruct,19,7,12,0.5483687504854333
armG,instruct,19,7,13,0.549176379545851
armG,instruct,19,7,14,0.5401041823349506
armG,instruct,19,7,15,0.5348334109498261
armG,instruct,19,7,16,0.5295154081606677
armG,instruct,19,7,2,0.4376168839806126
armG,instruct,19,7,3,0.5231003064626532
armG,instruct,19,7,4,0.555079911801873
armG,instruct,19,7,5,0.5661441208655756
armG,instruct,19,7,6,0.5706454917787182
armG,instruct,19,7,7,0.5689051264046092
armG,instruct,19,7,8,0.5682100673448693
armG,instruct,19,7,9,0.5650173100930769
armG,instruct,19,8,1,0.1600223081522324
armG,instruct,19,8,10,0.5636002086855367
armG,instruct,19,8,11,0.5606471009964151
armG,instruct,19,8,12,0.5550538028812388
armG,instruct,19,8,13,0.556361947135044
armG,instruct,19,8,14,0.5477770928164948
armG,instruct,19,8,15,0.543611930162519
armG,instruct,19,8,16,0.5419956673100665
armG,instruct,19,8,2,0.43790075000559237
armG,instruct,19,8,3,0.5181718203511905
armG,instruct,19,8,4,0.5497326320203001
armG,instruct,19,8,5,0.561986492751178
armG,instruct,19,8,6,0.5681282594732397
armG,instruct,19,8,7,0.5677466087367375
armG,instruct,19,8,8,0.5687886046017275
armG,instruct,19,8,9,0.5682021250827234
armG,instruct,19,9,1,0.13159745037331516
armG,instruct,19,9,10,0.5655334093869702
armG,instruct,19,9,11,0.5649470898955651
armG,instruct,19,9,12,0.5600118861754018
armG,instruct,19,9,13,0.5634647326700917
armG,instruct,19,9,14,0.5543727385383204
armG,instruct,19,9,15,0.5507837768244448
armG,instruct,19,9,16,0.5494431812995458
armG,instruct,19,9,2,0.4150241805473991
armG,instruct,19,9,3,0.5045136878743535
armG,instruct,19,9,4,0.540105345309686
armG,instruct,19,9,5,0.5556661520936956
armG,instruct,19,9,6,0.5633074561485967
armG,instruct,19,9,7,0.5644673513680465
armG,instruct,19,9,8,0.5679262506939471
armG,instruct,19,9,9,0.5712341067433795
armG,pretrained,19,1,1,0.3741001358927213
armG,pretrained,19,1,10,-0.1422697624600051
armG,pretrained,19,1,11,-0.18279046148456923
armG,pretrained,19,1,12,-0.21120445722005177
armG,pretrained,19,1,13,-0.2468149032055449
armG,pretrained,19,1,14,-0.2736862212262494
armG,pretrained,19,1,15,-0.29767609694895447
armG,pretrained,19,1,16,-0.3006004223882912
armG,pretrained,19,1,2,0.18733432880933865
armG,pretrained,19,1,3,0.14384347188099467
armG,pretrained,19,1,4,0.0919740542416132
armG,pretrained,19,1,5,0.03853042160403619
armG,pretrained,19,1,6,-0.009084180499018268
armG,pretrained,19,1,7,-0.05131049326473236
armG,pretrained,19,1,8,-0.0827478188119124
armG,pretrained,19,1,9,-0.11519438087954637
armG,pretrained,19,10,1,-0.10999496778287865
armG,pretrained,19,10,10,0.6352343043781963
armG,pretrained,19,10,11,0.6395640095832449
armG,pretrained,19,10,12,0.6449948863276103
armG,pretrained,19,10,13,0.6417670466405314
armG,pretrained,19,10,14,0.6398965547068486
armG,pretrained,19,10,15,0.6396476040787162
armG,pretrained,19,10,16,0.6373596053937787
armG,pretrained,19,10,2,0.27383067132996175
armG,pretrained,19,10,3,0.4731317937711169
armG,pretrained,19,10,4,0.5428192774568226
armG,pretrained,19,10,5,0.5806227675378568
armG,pretrained,19,10,6,0.6007492557043359
armG,pretrained,19,10,7,0.6172597788110434
armG,pretrained,19,10,8,0.625760936880926
armG,pretrained,19,10,9,0.6324845604283171
armG,pretrained,19,11,1,-0.14149089381961155
armG,pretrained,19,11,10,0.6354181032255508
armG,pretrained,19,11,11,0.6415988670554797
armG,pretrained,19,11,12,0.6463950676602397
armG,pretrained,19,11,13,0.6438083341058674
armG,pretrained,19,11,14,0.6430107482006377
armG,pretrained,19,11,15,0.6434328971466305
armG,pretrained,19,11,16,0.641777268419902
armG,pretrained,19,11,2,0.27079286642466416
armG,pretrained,19,11,3,0.46783704324021025
armG,pretrained,19,11,4,0.537881774513335
armG,pretrained,19,11,5,0.5766627466067071
armG,pretrained,19,11,6,0.5977701403392371
armG,pretrained,19,11,7,0.6154521665638955
armG,pretrained,19,11,8,0.6232057043813999
armG,pretrained,19,11,9,0.6308617871085422
armG,pretrained,19,12,1,-0.17895894392824485
armG,pretrained,19,12,10,0.6352952299171342
armG,pretrained,19,12,11,0.6412912814329248
armG,pretrained,19,12,12,0.647169390531457
armG,pretrained,19,12,13,0.6452741974569698
armG,pretrained,19,12,14,0.6453925138618861
armG,pretrained,19,12,15,0.6462103249799915
armG,pretrained,19,12,16,0.6440950133225484
armG,pretrained,19,12,2,0.2680596921788184
armG,pretrained,19,12,3,0.46459602597487815
armG,pretrained,19,12,4,0.5350705568037437
armG,pretrained,19,12,5,0.5735161103335589
armG,pretrained,19,12,6,0.5943254456758196
armG,pretrained,19,12,7,0.6117628265862589
armG,pretrained,19,12,8,0.6219266887144936
armG,pretrained,19,12,9,0.6300508739276648
armG,pretrained,19,13,1,-0.17735480349385746
armG,pretrained,19,13,10,0.6337354227541574
armG,pretrained,19,13,11,0.6395206714226629
armG,pretrained,19,13,12,0.646408691742105
armG,pretrained,19,13,13,0.6452617341454554
armG,pretrained,19,13,14,0.6458268636927169
armG,pretrained,19,13,15,0.6478770785260157
armG,pretrained,19,13,16,0.6459545986219939
armG,pretrained,19,13,2,0.24891786352566359
armG,pretrained,19,13,3,0.45301397807136035
armG,pretrained,19,13,4,0.5273021109116786
armG,pretrained,19,13,5,0.5681137940743437
armG,pretrained,19,13,6,0.5901321616645419
armG,pretrained,19,13,7,0.609012306976276
armG,pretrained,19,13,8,0.619231231954893
armG,pretrained,19,13,9,0.627427115515107
armG,pretrained,19,14,1,-0.1932641371709729
armG,pretrained,19,14,10,0.6319480768616988
armG,pretrained,19,14,11,0.6385473026000243
armG,pretrained,19,14,12,0.6456864960031752
armG,pretrained,19,14,13,0.6448957482258273
armG,pretrained,19,14,14,0.6445910660686813
armG,pretrained,19,14,15,0.6475736918920079
armG,pretrained,19,14,16,0.6458688151174823
armG,pretrained,19,14,2,0.25472863755571085
armG,pretrained,19,14,3,0.45196099643650256
armG,pretrained,19,14,4,0.5248833735359275
armG,pretrained,19,14,5,0.5651051397673729
armG,pretrained,19,14,6,0.5868475245260921
armG,pretrained,19,14,7,0.6053256035093497
armG,pretrained,19,14,8,0.6161102896853112
armG,pretrained,19,14,9,0.6242406033321688
armG,pretrained,19,15,1,-0.2607258728871178
armG,pretrained,19,15,10,0.6290698337379974
armG,pretrained,19,15,11,0.6360340608814615
armG,pretrained,19,15,12,0.6439736259028751
armG,pretrained,19,15,13,0.644065578337455
armG,pretrained,19,15,14,0.6442128595909593
armG,pretrained,19,15,15,0.6466001724942134
armG,pretrained,19,15,16,0.645655177489759
armG,pretrained,19,15,2,0.2530922205756184
armG,pretrained,19,15,3,0.45034040210647885
armG,pretrained,19,15,4,0.5216961252771006
armG,pretrained,19,15,5,0.5611503802983765
armG,pretrained,19,15,6,0.5836156203521204
armG,pretrained,19,15,7,0.6028386370861403
armG,pretrained,19,15,8,0.6134149899122454
armG,pretrained,19,15,9,0.622241893172994
armG,pretrained,19,16,1,-0.20420095800489935
armG,pretrained,19,16,10,0.6239445515392235
armG,pretrained,19,16,11,0.6317300933990884
armG,pretrained,19,16,12,0.6390089502005865
armG,pretrained,19,16,13,0.6391836403295031
armG,pretrained,19,16,14,0.6398536879264543
armG,pretrained,19,16,15,0.6422834372406054
armG,pretrained,19,16,16,0.6508502596754094
armG,pretrained,19,16,2,0.24566676771152673
armG,pretrained,19,16,3,0.4428615891054095
armG,pretrained,19,16,4,0.5159517017818314
armG,pretrained,19,16,5,0.5553007595584409
armG,pretrained,19,16,6,0.5789718510209756
armG,pretrained,19,16,7,0.5972269970255859
armG,pretrained,19,16,8,0.6090514212318191
armG,pretrained,19,16,9,0.6168813398345384
armG,pretrained,19,2,1,0.08666094884718967
armG,pretrained,19,2,10,0.328114356721635
armG,pretrained,19,2,11,0.3055717260406876
armG,pretrained,19,2,12,0.2909453312199469
armG,pretrained,19,2,13,0.2686820012505996
armG,pretrained,19,2,14,0.25060003179763535
armG,pretrained,19,2,15,0.23673131750563692
armG,pretrained,19,2,16,0.23288593806628577
armG,pretrained,19,2,2,0.4437820233256494
armG,pretrained,19,2,3,0.47335210057436816
armG,pretrained,19,2,4,0.4558986719757031
armG,pretrained,19,2,5,0.43110249981170623
armG,pretrained,19,2,6,0.40644595793272853
armG,pretrained,19,2,7,0.3836641468733798
armG,pretrained,19,2,8,0.36464654232500715
armG,pretrained,19,2,9,0.3446638213436525
armG,pretrained,19,3,1,0.04183621390600467
armG,pretrained,19,3,10,0.5454446214152938
armG,pretrained,19,3,11,0.5376030010498888
armG,pretrained,19,3,12,0.5333041842617345
armG,pretrained,19,3,13,0.5212928635272032
armG,pretrained,19,3,14,0.5117149738826878
armG,pretrained,19,3,15,0.5039888891848074
armG,pretrained,19,3,16,0.49898620473834476
armG,pretrained,19,3,2,0.4029608657725431
armG,pretrained,19,3,3,0.546834113943021
armG,pretrained,19,3,4,0.5720150544550071
armG,pretrained,19,3,5,0.5769220662860469
armG,pretrained,19,3,6,0.5717704153424026
armG,pretrained,19,3,7,0.5672952386202476
armG,pretrained,19,3,8,0.5617455585463618
armG,pretrained,19,3,9,0.5528615650374993
armG,pretrained,19,4,1,-0.08169336532460503
armG,pretrained,19,4,10,0.5762335952800497
armG,pretrained,19,4,11,0.5694521758888675
armG,pretrained,19,4,12,0.5657328044431792
armG,pretrained,19,4,13,0.554002948588775
armG,pretrained,19,4,14,0.5456717749419895
armG,pretrained,19,4,15,0.5375965421565789
armG,pretrained,19,4,16,0.5330275429851725
armG,pretrained,19,4,2,0.3378480648311625
armG,pretrained,19,4,3,0.5326774265343108
armG,pretrained,19,4,4,0.580601548308824
armG,pretrained,19,4,5,0.5953330609021922
armG,pretrained,19,4,6,0.5964982591574081
armG,pretrained,19,4,7,0.5953774394457012
armG,pretrained,19,4,8,0.5901233998109273
armG,pretrained,19,4,9,0.5829260866815289
armG,pretrained,19,5,1,-0.14706135876095439
armG,pretrained,19,5,10,0.6078028245873017
armG,pretrained,19,5,11,0.605205536387849
armG,pretrained,19,5,12,0.604460130682416
armG,pretrained,19,5,13,0.5955594498876895
armG,pretrained,19,5,14,0.5895033337190377
armG,pretrained,19,5,15,0.5846590739786328
armG,pretrained,19,5,16,0.5799971838232114
armG,pretrained,19,5,2,0.3190711232375095
armG,pretrained,19,5,3,0.5202318237712487
armG,pretrained,19,5,4,0.5782276281685659
armG,pretrained,19,5,5,0.601812161624927
armG,pretrained,19,5,6,0.6105476353350865
armG,pretrained,19,5,7,0.6150549380941343
armG,pretrained,19,5,8,0.6144047577527132
armG,pretrained,19,5,9,0.6112347673051034
armG,pretrained,19,6,1,-0.07948901705716538
armG,pretrained,19,6,10,0.6218816174677573
armG,pretrained,19,6,11,0.6222840889152039
armG,pretrained,19,6,12,0.6222404101046021
armG,pretrained,19,6,13,0.61576208107474
armG,pretrained,19,6,14,0.6110024929298423
armG,pretrained,19,6,15,0.6070544329680617
armG,pretrained,19,6,16,0.6036261807837255
armG,pretrained,19,6,2,0.3147883489650678
armG,pretrained,19,6,3,0.5092904053351314
armG,pretrained,19,6,4,0.5719955861528653
armG,pretrained,19,6,5,0.6013651484346657
armG,pretrained,19,6,6,0.6125960370950687
armG,pretrained,19,6,7,0.621602276373282
armG,pretrained,19,6,8,0.6235216863500282
armG,pretrained,19,6,9,0.6229478437462591
armG,pretrained,19,7,1,-0.15073234366199806
armG,pretrained,19,7,10,0.6295296316893153
armG,pretrained,19,7,11,0.6317715236019052
armG,pretrained,19,7,12,0.6324572765194973
armG,pretrained,19,7,13,0.6274152207477279
armG,pretrained,19,7,14,0.6228894505635066
armG,pretrained,19,7,15,0.6212869261862788
armG,pretrained,19,7,16,0.6167456724826621
armG,pretrained,19,7,2,0.28944139963557003
armG,pretrained,19,7,3,0.49625998420647677
armG,pretrained,19,7,4,0.5646590253878581
armG,pretrained,19,7,5,0.5973201240517988
armG,pretrained,19,7,6,0.6125333703207574
armG,pretrained,19,7,7,0.623313141315839
armG,pretrained,19,7,8,0.6277665474893666
armG,pretrained,19,7,9,0.6292446603475128
armG,pretrained,19,8,1,-0.19990522244405118
armG,pretrained,19,8,10,0.6330285458490544
armG,pretrained,19,8,11,0.634921998543768
armG,pretrained,19,8,12,0.6374173983813727
armG,pretrained,19,8,13,0.6330023327517038
armG,pretrained,19,8,14,0.6292734250366963
armG,pretrained,19,8,15,0.628079246210864
armG,pretrained,19,8,16,0.6252311581296005
armG,pretrained,19,8,2,0.27577819917459034
armG,pretrained,19,8,3,0.4862583908401408
armG,pretrained,19,8,4,0.55483801346827
armG,pretrained,19,8,5,0.5909758519218933
armG,pretrained,19,8,6,0.6087528571034999
armG,pretrained,19,8,7,0.6224597123455151
armG,pretrained,19,8,8,0.6290750545324064
armG,pretrained,19,8,9,0.6313543521657037
armG,pretrained,19,9,1,-0.17287319568181103
armG,pretrained,19,9,10,0.6359357040088995
armG,pretrained,19,9,11,0.6391038156344822
armG,pretrained,19,9,12,0.6429495152567881
armG,pretrained,19,9,13,0.638982684313004
armG,pretrained,19,9,14,0.6360237965711302
armG,pretrained,19,9,15,0.6361749368123112
armG,pretrained,19,9,16,0.6329156584186254
armG,pretrained,19,9,2,0.28724675018252344
armG,pretrained,19,9,3,0.48175385236351087
armG,pretrained,19,9,4,0.5502662948938704
armG,pretrained,19,9,5,0.5872172603255722
armG,pretrained,19,9,6,0.6055526522801422
armG,pretrained,19,9,7,0.6204412680171063
armG,pretrained,19,9,8,0.6277319793052013
armG,pretrained,19,9,9,0.6336218284791425
armR_own,instruct,19,1,1,0.5898013373074287
armR_own,instruct,19,1,10,0.32152250138820104
armR_own,instruct,19,1,11,0.3165144548996699
armR_own,instruct,19,1,12,0.31689869282486116
armR_own,instruct,19,1,2,0.45822189718260664
armR_own,instruct,19,1,3,0.4119729698156027
armR_own,instruct,19,1,4,0.38842771583361724
armR_own,instruct,19,1,5,0.3710807130277849
armR_own,instruct,19,1,6,0.35397779214008773
armR_own,instruct,19,1,7,0.34492038045396556
armR_own,instruct,19,1,8,0.3375750294416452
armR_own,instruct,19,1,9,0.3268512466941089
armR_own,instruct,19,10,1,0.39531572668748105
armR_own,instruct,19,10,10,0.5476953180810378
armR_own,instruct,19,10,11,0.5495336320597394
armR_own,instruct,19,10,12,0.5520415388201281
armR_own,instruct,19,10,2,0.498137110625984
armR_own,instruct,19,10,3,0.520131391765345
armR_own,instruct,19,10,4,0.5354026701186186
armR_own,instruct,19,10,5,0.5390615361216254
armR_own,instruct,19,10,6,0.5407806223250726
armR_own,instruct,19,10,7,0.5476265835871299
armR_own,instruct,19,10,8,0.5479162582273439
armR_own,instruct,19,10,9,0.5463709031496411
armR_own,instruct,19,11,1,0.3947408431096081
armR_own,instruct,19,11,10,0.5493212142021757
armR_own,instruct,19,11,11,0.5475968982355066
armR_own,instruct,19,11,12,0.5522416039469521
armR_own,instruct,19,11,2,0.4945336792822901
armR_own,instruct,19,11,3,0.5184014826427696
armR_own,instruct,19,11,4,0.5325077204614936
armR_own,instruct,19,11,5,0.5382189321292021
armR_own,instruct,19,11,6,0.5383284002353595
armR_own,instruct,19,11,7,0.547191419295626
armR_own,instruct,19,11,8,0.5462847496438925
armR_own,instruct,19,11,9,0.5460141692964029
armR_own,instruct,19,12,1,0.39369537748711103
armR_own,instruct,19,12,10,0.5474313963554741
armR_own,instruct,19,12,11,0.5479578040270201
armR_own,instruct,19,12,12,0.5514873585304045
armR_own,instruct,19,12,2,0.49228320036374196
armR_own,instruct,19,12,3,0.5165401130561266
armR_own,instruct,19,12,4,0.5302842951859901
armR_own,instruct,19,12,5,0.5355470325407226
armR_own,instruct,19,12,6,0.5373476793749986
armR_own,instruct,19,12,7,0.5450970185509878
armR_own,instruct,19,12,8,0.546384343859736
armR_own,instruct,19,12,9,0.5442319307043437
armR_own,instruct,19,2,1,0.5142464029532613
armR_own,instruct,19,2,10,0.49310806249503214
armR_own,instruct,19,2,11,0.4902361093635422
armR_own,instruct,19,2,12,0.4892522504342155
armR_own,instruct,19,2,2,0.553445421950764
armR_own,instruct,19,2,3,0.5374433343975706
armR_own,instruct,19,2,4,0.5303838612696048
armR_own,instruct,19,2,5,0.5203994785883816
armR_own,instruct,19,2,6,0.5111555250765338
armR_own,instruct,19,2,7,0.5086717728032071
armR_own,instruct,19,2,8,0.5028689642985298
armR_own,instruct,19,2,9,0.49624262941769315
armR_own,instruct,19,3,1,0.4775211088665584
armR_own,instruct,19,3,10,0.5236470514903758
armR_own,instruct,19,3,11,0.5225393506042553
armR_own,instruct,19,3,12,0.5232171450904959
armR_own,instruct,19,3,2,0.5424459033962932
armR_own,instruct,19,3,3,0.5465727330327743
armR_own,instruct,19,3,4,0.5460591184718089
armR_own,instruct,19,3,5,0.5417160059857131
armR_own,instruct,19,3,6,0.5346177741115458
armR_own,instruct,19,3,7,0.534916897615227
armR_own,instruct,19,3,8,0.5297111891050651
armR_own,instruct,19,3,9,0.5255985676207191
armR_own,instruct,19,4,1,0.44918021062670843
armR_own,instruct,19,4,10,0.5371201663826211
armR_own,instruct,19,4,11,0.5334946224473625
armR_own,instruct,19,4,12,0.5359597986594793
armR_own,instruct,19,4,2,0.5330622154770015
armR_own,instruct,19,4,3,0.5431526163073798
armR_own,instruct,19,4,4,0.5480146509221983
armR_own,instruct,19,4,5,0.5462020099509632
armR_own,instruct,19,4,6,0.5425468817768045
armR_own,instruct,19,4,7,0.5439101138571226
armR_own,instruct,19,4,8,0.5392300717167238
armR_own,instruct,19,4,9,0.5363124773463428
armR_own,instruct,19,5,1,0.44511104812484925
armR_own,instruct,19,5,10,0.5417716530093679
armR_own,instruct,19,5,11,0.5407529530893811
armR_own,instruct,19,5,12,0.5419122818064379
armR_own,instruct,19,5,2,0.5245689572749453
armR_own,instruct,19,5,3,0.5396327366439069
armR_own,instruct,19,5,4,0.5473080582610726
armR_own,instruct,19,5,5,0.5475264825260622
armR_own,instruct,19,5,6,0.544182389473836
armR_own,instruct,19,5,7,0.5476084950125687
armR_own,instruct,19,5,8,0.54470472683644
armR_own,instruct,19,5,9,0.5417188394051028
armR_own,instruct,19,6,1,0.4252462227011178
armR_own,instruct,19,6,10,0.5441325312058369
armR_own,instruct,19,6,11,0.5421988891897691
armR_own,instruct,19,6,12,0.544726766371648
armR_own,instruct,19,6,2,0.5172164515207592
armR_own,instruct,19,6,3,0.534408020487642
armR_own,instruct,19,6,4,0.5439213006915271
armR_own,instruct,19,6,5,0.5452512764608299
armR_own,instruct,19,6,6,0.5450777400886768
armR_own,instruct,19,6,7,0.5479906429454453
armR_own,instruct,19,6,8,0.5475109697265761
armR_own,instruct,19,6,9,0.5430505731500503
armR_own,instruct,19,7,1,0.41982507109789235
armR_own,instruct,19,7,10,0.547201869217254
armR_own,instruct,19,7,11,0.5473855663797808
armR_own,instruct,19,7,12,0.5494981108922967
armR_own,instruct,19,7,2,0.512253241749494
armR_own,instruct,19,7,3,0.531343925247672
armR_own,instruct,19,7,4,0.5422470216268918
armR_own,instruct,19,7,5,0.5450954896288902
armR_own,instruct,19,7,6,0.544115957816081
armR_own,instruct,19,7,7,0.54990350106024
armR_own,instruct,19,7,8,0.5484958470393239
armR_own,instruct,19,7,9,0.5461333244090686
armR_own,instruct,19,8,1,0.4083926401216018
armR_own,instruct,19,8,10,0.5471478521125863
armR_own,instruct,19,8,11,0.5457104219345116
armR_own,instruct,19,8,12,0.5493875196475211
armR_own,instruct,19,8,2,0.5039110783850096
armR_own,instruct,19,8,3,0.5243807505541374
armR_own,instruct,19,8,4,0.5371977880590795
armR_own,instruct,19,8,5,0.5415269751339913
armR_own,instruct,19,8,6,0.542659013708704
armR_own,instruct,19,8,7,0.5483686753853692
armR_own,instruct,19,8,8,0.5481731031006012
armR_own,instruct,19,8,9,0.545857927506707
armR_own,instruct,19,9,1,0.39955871264927434
armR_own,instruct,19,9,10,0.5485150114915179
armR_own,instruct,19,9,11,0.5480648772250958
armR_own,instruct,19,9,12,0.5504443860782665
armR_own,instruct,19,9,2,0.5007274855651015
armR_own,instruct,19,9,3,0.5231305361955578
armR_own,instruct,19,9,4,0.5358880843340956
armR_own,instruct,19,9,5,0.5412221873994297
armR_own,instruct,19,9,6,0.5414472365969082
armR_own,instruct,19,9,7,0.5485200781644861
armR_own,instruct,19,9,8,0.5480729307144887
armR_own,instruct,19,9,9,0.5469378934371634
armR_own,pretrained,19,1,1,0.37623042572655074
armR_own,pretrained,19,1,10,0.20331430886026192
armR_own,pretrained,19,1,11,0.20072410588245249
armR_own,pretrained,19,1,12,0.19761793529749117
armR_own,pretrained,19,1,2,0.2950861909953536
armR_own,pretrained,19,1,3,0.27275736647468796
armR_own,pretrained,19,1,4,0.25868785370591607
armR_own,pretrained,19,1,5,0.24623249880870435
armR_own,pretrained,19,1,6,0.23304101822100376
armR_own,pretrained,19,1,7,0.2239662839556329
armR_own,pretrained,19,1,8,0.22117417413561835
armR_own,pretrained,19,1,9,0.21108229799526113
armR_own,pretrained,19,10,1,0.09504056336851252
armR_own,pretrained,19,10,10,0.5482005426926677
armR_own,pretrained,19,10,11,0.549976859470877
armR_own,pretrained,19,10,12,0.5494181664963171
armR_own,pretrained,19,10,2,0.4436374971474182
armR_own,pretrained,19,10,3,0.5030998450610165
armR_own,pretrained,19,10,4,0.5272319694665433
armR_own,pretrained,19,10,5,0.536659771932779
armR_own,pretrained,19,10,6,0.5409911248895288
armR_own,pretrained,19,10,7,0.5426488763004591
armR_own,pretrained,19,10,8,0.5491983342714873
armR_own,pretrained,19,10,9,0.5475190209522336
armR_own,pretrained,19,11,1,0.10393550231819981
armR_own,pretrained,19,11,10,0.5478072014105679
armR_own,pretrained,19,11,11,0.5496671525098672
armR_own,pretrained,19,11,12,0.5506177326233863
armR_own,pretrained,19,11,2,0.4412949459526333
armR_own,pretrained,19,11,3,0.5004290893464957
armR_own,pretrained,19,11,4,0.526085410895224
armR_own,pretrained,19,11,5,0.5352748802412288
armR_own,pretrained,19,11,6,0.5390042345734143
armR_own,pretrained,19,11,7,0.5414615232111295
armR_own,pretrained,19,11,8,0.5483800914337217
armR_own,pretrained,19,11,9,0.5468536459647957
armR_own,pretrained,19,12,1,0.11268984288708739
armR_own,pretrained,19,12,10,0.5462674403503326
armR_own,pretrained,19,12,11,0.5492281067697713
armR_own,pretrained,19,12,12,0.5498582052562431
armR_own,pretrained,19,12,2,0.43946162069989014
armR_own,pretrained,19,12,3,0.49794641181133725
armR_own,pretrained,19,12,4,0.5225913588212404
armR_own,pretrained,19,12,5,0.532842718866716
armR_own,pretrained,19,12,6,0.5373969533857279
armR_own,pretrained,19,12,7,0.5407936349189664
armR_own,pretrained,19,12,8,0.5474237288641308
armR_own,pretrained,19,12,9,0.545094282521447
armR_own,pretrained,19,2,1,0.25363851401513404
armR_own,pretrained,19,2,10,0.48514254308287075
armR_own,pretrained,19,2,11,0.48372405640524907
armR_own,pretrained,19,2,12,0.48195806758537263
armR_own,pretrained,19,2,2,0.49977654997746157
armR_own,pretrained,19,2,3,0.5123409024097719
armR_own,pretrained,19,2,4,0.5144397056205592
armR_own,pretrained,19,2,5,0.5103133714357426
armR_own,pretrained,19,2,6,0.502427511146629
armR_own,pretrained,19,2,7,0.4965002778602585
armR_own,pretrained,19,2,8,0.49630151997559124
armR_own,pretrained,19,2,9,0.4900577185834636
armR_own,pretrained,19,3,1,0.1978491010842024
armR_own,pretrained,19,3,10,0.5202484519304009
armR_own,pretrained,19,3,11,0.519350943063684
armR_own,pretrained,19,3,12,0.5175527515928849
armR_own,pretrained,19,3,2,0.492643608515409
armR_own,pretrained,19,3,3,0.5262514434539804
armR_own,pretrained,19,3,4,0.5360127012063329
armR_own,pretrained,19,3,5,0.5363157484632564
armR_own,pretrained,19,3,6,0.531036639457954
armR_own,pretrained,19,3,7,0.5271536454582575
armR_own,pretrained,19,3,8,0.5283520880450929
armR_own,pretrained,19,3,9,0.5234996921941242
armR_own,pretrained,19,4,1,0.1564206731191472
armR_own,pretrained,19,4,10,0.5338028066144604
armR_own,pretrained,19,4,11,0.5340435125573765
armR_own,pretrained,19,4,12,0.531583880048506
armR_own,pretrained,19,4,2,0.48274743805079245
armR_own,pretrained,19,4,3,0.5256339500076934
armR_own,pretrained,19,4,4,0.5406990998462833
armR_own,pretrained,19,4,5,0.542806822344143
armR_own,pretrained,19,4,6,0.5406031076337526
armR_own,pretrained,19,4,7,0.5380512989247292
armR_own,pretrained,19,4,8,0.5400592447117586
armR_own,pretrained,19,4,9,0.5364992498192052
armR_own,pretrained,19,5,1,0.14925946783178823
armR_own,pretrained,19,5,10,0.5396057574944699
armR_own,pretrained,19,5,11,0.5400025372383003
armR_own,pretrained,19,5,12,0.5384257317348203
armR_own,pretrained,19,5,2,0.4752076788702885
armR_own,pretrained,19,5,3,0.5222518491508203
armR_own,pretrained,19,5,4,0.5393406529225804
armR_own,pretrained,19,5,5,0.5439088258237794
armR_own,pretrained,19,5,6,0.5436352509778564
armR_own,pretrained,19,5,7,0.5418491926029989
armR_own,pretrained,19,5,8,0.5448918668235638
armR_own,pretrained,19,5,9,0.5410396699441569
armR_own,pretrained,19,6,1,0.1259272570777602
armR_own,pretrained,19,6,10,0.5438650497422891
armR_own,pretrained,19,6,11,0.5439242913375677
armR_own,pretrained,19,6,12,0.5433190383131428
armR_own,pretrained,19,6,2,0.46873179243154883
armR_own,pretrained,19,6,3,0.5180544910839826
armR_own,pretrained,19,6,4,0.5374237025173343
armR_own,pretrained,19,6,5,0.5438500247653849
armR_own,pretrained,19,6,6,0.5436210991070951
armR_own,pretrained,19,6,7,0.5439611027330125
armR_own,pretrained,19,6,8,0.5488404212737743
armR_own,pretrained,19,6,9,0.5449005945451697
armR_own,pretrained,19,7,1,0.1336670858628778
armR_own,pretrained,19,7,10,0.5455964916022797
armR_own,pretrained,19,7,11,0.5461724204486055
armR_own,pretrained,19,7,12,0.5463480945320058
armR_own,pretrained,19,7,2,0.46072002987243155
armR_own,pretrained,19,7,3,0.5136856054334709
armR_own,pretrained,19,7,4,0.5350127547461809
armR_own,pretrained,19,7,5,0.5423595240434733
armR_own,pretrained,19,7,6,0.5442206455198288
armR_own,pretrained,19,7,7,0.5446899159706879
armR_own,pretrained,19,7,8,0.5492512493681739
armR_own,pretrained,19,7,9,0.5465790191921306
armR_own,pretrained,19,8,1,0.12420230758292783
armR_own,pretrained,19,8,10,0.5470209510789608
armR_own,pretrained,19,8,11,0.5481373832920587
armR_own,pretrained,19,8,12,0.5479418428918043
armR_own,pretrained,19,8,2,0.4546910945507038
armR_own,pretrained,19,8,3,0.50937093033894
armR_own,pretrained,19,8,4,0.5315286390182523
armR_own,pretrained,19,8,5,0.5394452772362224
armR_own,pretrained,19,8,6,0.5434808245525755
armR_own,pretrained,19,8,7,0.5442078954519933
armR_own,pretrained,19,8,8,0.549442711884097
armR_own,pretrained,19,8,9,0.5469779878499647
armR_own,pretrained,19,9,1,0.10864690419562528
armR_own,pretrained,19,9,10,0.5480008466444672
armR_own,pretrained,19,9,11,0.5492592990681942
armR_own,pretrained,19,9,12,0.5486817891639778
armR_own,pretrained,19,9,2,0.4519661624734074
armR_own,pretrained,19,9,3,0.5074491700245471
armR_own,pretrained,19,9,4,0.5307005266035876
armR_own,pretrained,19,9,5,0.5386801551407923
armR_own,pretrained,19,9,6,0.5422838555173342
armR_own,pretrained,19,9,7,0.5442515736134123
armR_own,pretrained,19,9,8,0.5495594514865936
armR_own,pretrained,19,9,9,0.5468063298664783
